{
    "accuracy": 0.6018952299829642,
    "f1_score": 0.36733863335226197,
    "loss": 1.221200598971807
}